{"schema":6,"addons":[{"id":"uMatrix@raymondhill.net","icons":{"32":"https://addons.cdn.mozilla.net/user-media/addon_icons/613/613250-32.png?modified=1586876248","64":"https://addons.cdn.mozilla.net/user-media/addon_icons/613/613250-64.png?modified=1586876248","128":"https://addons.cdn.mozilla.net/user-media/addon_icons/613/613250-128.png?modified=1586876248"},"name":"uMatrix","version":"1.4.0","sourceURI":"https://addons.mozilla.org/firefox/downloads/file/3396815/umatrix-1.4.0-an+fx.xpi","homepageURL":"https://github.com/gorhill/uMatrix","supportURL":"https://discourse.mozilla-community.org/t/support-umatrix/5131","description":"Point & click to forbid/allow any class of requests made by your browser. Use it to block scripts, iframes, ads, facebook, etc.","fullDescription":"uMatrix: A point-and-click matrix-based firewall, with many privacy-enhancing tools.\n\n*For advanced users.*\n\nuMatrix put you in full control of where your browser is allowed to connect, what type of data it is allowed to download, and what it is allowed to execute. Nobody else decides for you: You choose. You are in full control of your privacy.\n\nOut of the box, uMatrix works in relax block-all/allow-exceptionally mode, meaning web sites which require 3rd-party scripts are likely to be \"broken\". With two clicks, uMatrix can be set to work in allow-all/block-exceptionally mode, which generally will not break web sites. See https://github.com/gorhill/httpswitchboard/wiki/How-to-use-HTTP-Switchboard:-Two-opposing-views for more details on this topic.\n\n* See ALL the remote connections, failed or attempted, depending on whether they were blocked or allowed (you decide).\n\n* A single-click to whitelist/blacklist one or multiple classes of requests according to the destination and type of data (a blocked request will NEVER leave your browser).\n\n* Efficient blacklisting: cookies won't leave your browser, JavaScript won't execute, plugins won't play, tracking pixels won't download, etc.\n\n* You do not have to solely rely on just one particular curated blacklist (arguably with many missing entries) outside which nothing else can be blocked: You are in full control.\n\n* Ease of use: uMatrix lets you easily whitelist/blacklist net requests which originate from within a web page according to a point-and-click matrix:\n\n- domain names (left column)\n* from very specific\n* to very generic\n\n- type of requests (top row)\n* cookies\n* CSS-related resources (stylesheets and web fonts)\n* images\n* plugins\n* scripts\n* XHR (requests made by scripts)\n* frames\n* others\n\nYou can blacklist/whitelist a single cell, an entire row, a group of rows, an entire column, or the whole matrix with just one click.\n\nuMatrix's filtering engine uses precedence logic to evaluate what is blocked/allowed according to which cells are blacklisted/whitelisted. For example, this allows you to whitelist a whole page with one click, without having to repeatedly whitelist whatever new data appear on the page.\n\nAll rules are scoped. For example, you can block `facebook.com` and `facebook.net` everywhere except when visiting a page on `www.facebook.com`. This way Facebook won't be able to build a profile of your browsing habits.\n\nThe goal of this extension is to make the allowing or blocking of web sites, wholly or partly, as straightforward as possible, so as to encourage users to care about their privacy.\n\nThe extension comes with 3rd-party hosts files totaling over 62,000 distinct hostnames (lists can be selectively disabled/enabled according to your choice).\n\nUltimately, you can choose however you browse the net:\n\n* Blacklist all by default, and whitelist as needed (default mode).\n\n* Whitelist all by default, and blacklist as needed.\n\nEither way, you still benefit from the preset blacklists so that at least you get basic protection from trackers, malware sites, etc. Or you can disable all of these preset blacklists.\n\nYour choice.\n\nRandomly assembled documentation: https://github.com/gorhill/uMatrix/wiki\n\n=====\n\nThis extension is also useful to understand what the web page in your browser is doing, often without your knowledge. You have full ability to see and decide with whom a web page communicates, and to restrict these communications to specific classes of objects within the web page.\n\nThe number which appear in the extension icon correspond to the total number of distinct requests attempted (successfully or not depending on whether these were allowed or blocked) by the web page.\n\nSimply click on the appropriate entry in the matrix in order to white-, black- or graylist a component. Graylisting means the blocked or allowed status will be inherited from another cell with higher precedence in the matrix.\n\nRed square = effectively blacklisted, i.e. requests are prevented from reaching their intended destination:\n* Dark red square: the domain name and/or type of request is specifically blacklisted.\n* Faded red square: the blacklist status is inherited because the entry is graylisted.\n\nGreen square = effectively whitelisted, i.e. requests are allowed to reach their intended destination:\n* Dark green square: the domain name and/or type of request is specifically whitelisted.\n* Faded green square: the whitelist status is inherited because the entry is graylisted.\n\nThe top-left cell in the matrix, the \"all\" cell, represents the default global setting, which allows you to choose whether allowing or blocking everything is the default behavior. Some prefer to allow everything while blocking exceptionally. My personal preference is of course the reverse, blocking everything and allowing exceptionally.\n\nThis extension is also useful if you wish to speed up your browsing, by globally blocking all requests for images as an example.\n\n=====\n\nBUGS, ISSUES: https://github.com/gorhill/uMatrix/issues\n\nSOURCE CODE: https://github.com/gorhill/uMatrix (GPLv3)\n\nCHANGE LOG: https://github.com/gorhill/uMatrix/releases","weeklyDownloads":6,"type":"extension","creator":{"name":"Raymond Hill","url":"https://addons.mozilla.org/en-US/firefox/user/11423598/"},"developers":[],"screenshots":[{"url":"https://addons.cdn.mozilla.net/user-media/previews/full/158/158458.png?modified=1543520594","width":640,"height":480,"thumbnailURL":"https://addons.cdn.mozilla.net/user-media/previews/thumbs/158/158458.png?modified=1543520594","thumbnailWidth":640,"thumbnailHeight":480,"caption":"Point and click to allow/block narrow or broad classes of network requests. Click the \"all\" cell to toggle the whole matrix between allow and block."},{"url":"https://addons.cdn.mozilla.net/user-media/previews/full/158/158460.png?modified=1543520595","width":640,"height":480,"thumbnailURL":"https://addons.cdn.mozilla.net/user-media/previews/thumbs/158/158460.png?modified=1543520595","thumbnailWidth":640,"thumbnailHeight":480,"caption":"Privacy features."},{"url":"https://addons.cdn.mozilla.net/user-media/previews/full/158/158462.png?modified=1543520596","width":640,"height":480,"thumbnailURL":"https://addons.cdn.mozilla.net/user-media/previews/thumbs/158/158462.png?modified=1543520596","thumbnailWidth":640,"thumbnailHeight":480,"caption":"Hosts files allow to automatically blacklist thousands of hostnames."},{"url":"https://addons.cdn.mozilla.net/user-media/previews/full/158/158464.png?modified=1543520597","width":640,"height":480,"thumbnailURL":"https://addons.cdn.mozilla.net/user-media/previews/thumbs/158/158464.png?modified=1543520597","thumbnailWidth":640,"thumbnailHeight":480,"caption":"Logger: see all network requests, including the ones made by the browser and other extensions (behind-the-scene requests)."}],"contributionURL":"","averageRating":4.7703,"reviewCount":362,"reviewURL":"https://addons.mozilla.org/en-US/firefox/addon/umatrix/reviews/","updateDate":1582579508000},{"id":"uBlock0@raymondhill.net","icons":{"32":"https://addons.cdn.mozilla.net/user-media/addon_icons/607/607454-32.png?modified=mcrushed","64":"https://addons.cdn.mozilla.net/user-media/addon_icons/607/607454-64.png?modified=mcrushed","128":"https://addons.cdn.mozilla.net/user-media/addon_icons/607/607454-128.png?modified=mcrushed"},"name":"uBlock Origin","version":"1.30.0","sourceURI":"https://addons.mozilla.org/firefox/downloads/file/3649606/ublock_origin-1.30.0-an+fx.xpi","homepageURL":"https://github.com/gorhill/uBlock#ublock-origin","supportURL":"https://old.reddit.com/r/uBlockOrigin/","description":"Finally, an efficient wide-spectrum content blocker. Easy on CPU and memory.","fullDescription":"uBlock Origin is not an \"ad blocker\", it's a wide-spectrum content blocker with CPU and memory efficiency as a primary feature.\n\n***\n\nOut of the box, these lists of filters are loaded and enforced:\n\n- EasyList (ads)\n- Peter Lowe’s Ad server list (ads and tracking)\n- EasyPrivacy (tracking)\n- Malware domains\n\nMore lists are available for you to select if you wish:\n\n- Fanboy’s Enhanced Tracking List\n- Dan Pollock’s hosts file\n- MVPS HOSTS\n- Spam404\n- And many others\n\nAdditionally, you can point-and-click to block JavaScript locally or globally, create your own global or local rules to override entries from filter lists, and many more advanced features.\n\n***\n\nFree.\nOpen source with public license (GPLv3)\nFor users by users.\n\nIf ever you really do want to contribute something, think about the people working hard to maintain the filter lists you are using, which were made available to use by all for free.\n\n***\n\n    Documentation\n    Release notes\n    Community support @ Reddit\n    Contributors @ GitHub\n    Contributors @ Crowdin","weeklyDownloads":16869,"type":"extension","creator":{"name":"Raymond Hill","url":"https://addons.mozilla.org/en-US/firefox/user/11423598/"},"developers":[],"screenshots":[{"url":"https://addons.cdn.mozilla.net/user-media/previews/full/238/238546.png?modified=1590420038","width":1011,"height":758,"thumbnailURL":"https://addons.cdn.mozilla.net/user-media/previews/thumbs/238/238546.png?modified=1590420038","thumbnailWidth":640,"thumbnailHeight":480,"caption":"The popup panel: default mode"},{"url":"https://addons.cdn.mozilla.net/user-media/previews/full/238/238548.png?modified=1590420038","width":1011,"height":758,"thumbnailURL":"https://addons.cdn.mozilla.net/user-media/previews/thumbs/238/238548.png?modified=1590420038","thumbnailWidth":640,"thumbnailHeight":480,"caption":"The dashboard: stock filter lists"},{"url":"https://addons.cdn.mozilla.net/user-media/previews/full/238/238547.png?modified=1590420038","width":1011,"height":758,"thumbnailURL":"https://addons.cdn.mozilla.net/user-media/previews/thumbs/238/238547.png?modified=1590420038","thumbnailWidth":640,"thumbnailHeight":480,"caption":"The popup panel: default-deny mode"},{"url":"https://addons.cdn.mozilla.net/user-media/previews/full/238/238549.png?modified=1590420038","width":1011,"height":758,"thumbnailURL":"https://addons.cdn.mozilla.net/user-media/previews/thumbs/238/238549.png?modified=1590420038","thumbnailWidth":640,"thumbnailHeight":480,"caption":"The dashboard: settings"},{"url":"https://addons.cdn.mozilla.net/user-media/previews/full/238/238552.png?modified=1590420044","width":970,"height":1800,"thumbnailURL":"https://addons.cdn.mozilla.net/user-media/previews/thumbs/238/238552.png?modified=1590420044","thumbnailWidth":259,"thumbnailHeight":480,"caption":"The popup panel in Firefox Preview: default mode with more blocking options revealed"},{"url":"https://addons.cdn.mozilla.net/user-media/previews/full/230/230370.png?modified=1590420038","width":800,"height":600,"thumbnailURL":"https://addons.cdn.mozilla.net/user-media/previews/thumbs/230/230370.png?modified=1590420038","thumbnailWidth":640,"thumbnailHeight":480,"caption":"The unified logger tells you all that uBO is seeing and doing"}],"contributionURL":"","averageRating":4.7306,"reviewCount":4259,"reviewURL":"https://addons.mozilla.org/en-US/firefox/addon/ublock-origin/reviews/","updateDate":1601476242000},{"id":"CanvasBlocker@kkapsner.de","icons":{"32":"https://addons.cdn.mozilla.net/user-media/addon_icons/534/534930-32.png?modified=1581849561","64":"https://addons.cdn.mozilla.net/user-media/addon_icons/534/534930-64.png?modified=1581849561","128":"https://addons.cdn.mozilla.net/user-media/addon_icons/534/534930-128.png?modified=1581849561"},"name":"CanvasBlocker","version":"1.3","sourceURI":"https://addons.mozilla.org/firefox/downloads/file/3586373/canvasblocker-1.3-an+fx.xpi","homepageURL":"https://github.com/kkapsner/CanvasBlocker/","supportURL":null,"description":"Alters some JS APIs to prevent fingerprinting.","fullDescription":"This add-on allows users to prevent websites from using some Javascript APIs to fingerprint them. Users can choose to block the APIs entirely on some or all websites (which may break some websites) or fake its fingerprinting-friendly readout API.\n\nIf you encounter any problems please check the FAQ first. Please report issues and feature requests at https://github.com/kkapsner/CanvasBlocker/issues\n\nIMPORTANT: you should only have ONE addon/setting set that protects an API. Otherwise you could face massive performance issues. (E.g. EclipsedMoon for Palemoon has 'canvas.poison' which is known to cause issues: https://github.com/kkapsner/CanvasBlocker/issues/253#issuecomment-459499290)\nBut setting privacy.resistFingerprinting to true and/or using the new fingerprinting protection introduced with Firefox 67 is fine.\n\nProtected \"fingerprinting\" APIs:\n\n    canvas 2d\n    webGL\n    audio\n    history\n    window (disabled by default)\n    DOMRect\n    navigator (disabled by default)\n    screen\n\n\nMore information on fingerprinting can be found at:\n\n    <canvas>: http://www.browserleaks.com/canvas\n    audio:\n        https://audiofingerprint.openwpm.com/ (very poorly written = slow)\n        https://webtransparency.cs.princeton.edu/webcensus/#audio-fp\n    DOMRect:\n        http://jcarlosnorte.com/security/2016/03/06/advanced-tor-browser-fingerprinting.html\n        https://browserleaks.com/rects\n\n\nThe different block modes are:\n\n    fake: Canvas Blocker's default setting, and my favorite! All websites not on the white list or black list can use the protected APIs. But values obtained by the APIs are altered so that a consistent fingerprinting is not possible\n    ask for permission: If a website is not listed on the white list or black list, the user will be asked if the website should be allowed to use the protected APIs each time they are called.\n    block everything: Ignore all lists and block the protected APIs on all websites.\n    allow only white list: Only websites in the white list are allowed to use the protected APIs.\n    block only black list: Block the protected APIs only for websites on the black list.\n    allow everything: Ignore all lists and allow the protected APIs on all websites.\n","weeklyDownloads":9,"type":"extension","creator":{"name":"kkapsner","url":"https://addons.mozilla.org/en-US/firefox/user/11033762/"},"developers":[],"screenshots":[{"url":"https://addons.cdn.mozilla.net/user-media/previews/full/194/194239.png?modified=1543520165","width":700,"height":279,"thumbnailURL":"https://addons.cdn.mozilla.net/user-media/previews/thumbs/194/194239.png?modified=1543520165","thumbnailWidth":640,"thumbnailHeight":255},{"url":"https://addons.cdn.mozilla.net/user-media/previews/full/191/191763.png?modified=1543520166","width":278,"height":283,"thumbnailURL":"https://addons.cdn.mozilla.net/user-media/previews/thumbs/191/191763.png?modified=1543520166","thumbnailWidth":278,"thumbnailHeight":283}],"contributionURL":"","averageRating":4.6236,"reviewCount":153,"reviewURL":"https://addons.mozilla.org/en-US/firefox/addon/canvasblocker/reviews/","updateDate":1591523412000},{"id":"httpz@cm.org","icons":{"32":"https://addons.cdn.mozilla.net/user-media/addon_icons/1018/1018256-32.png?modified=9b273331","64":"https://addons.cdn.mozilla.net/user-media/addon_icons/1018/1018256-64.png?modified=9b273331","128":"https://addons.cdn.mozilla.net/user-media/addon_icons/1018/1018256-128.png?modified=9b273331"},"name":"HTTPZ","version":"0.12.0","sourceURI":"https://addons.mozilla.org/firefox/downloads/file/3466437/httpz-0.12.0-an+fx.xpi","homepageURL":"https://github.com/claustromaniac/httpz","supportURL":"https://github.com/claustromaniac/httpz/issues","description":"Fat-free hardenable opportunistic encryption","fullDescription":"There are numerous similar extensions out there, but HTTPZ is different because it is not smart: it is Zmart. The following summarizes how it works with the default settings:\n\n    When you are about to navigate to a site over HTTP, that request is aborted and a new one is started over HTTPS. If that new request results in an error, it is automatically redirected back to HTTP. If navigating to the site over HTTP throws an error too, HTTPZ does nothing more then. Otherwise, that host is added to the list of known insecure sites, and all subsequent requests to it are ignored by the extension for seven days\n    When you navigate to a site over HTTPS by yourself, or because of some external factor (like HSTS preloading), HTTPZ does not do anything to that request, regardless of the outcome.\n    When you navigate to a site over HTTPS and *the server* downgrades the request to HTTP, the extension notices this and allows it. It adds that site to the list of known insecure sites, and does not try to load it over HTTPS for the next seven days\n\n\nHTTPZ is meant to be unobtrusive and lightweight, it respects your privacy, and is free of trans fats. Additionally, it is very configurable, and should be slightly more secure than some of the alternatives out there, since it has a couple of built-in defenses against SSL-stripping attacks.\n\nIt also gets along well with extensions that I recommend for managing contextual identities (containers), such as Containerise and Temporary Containers\n\n\nLimitations\n\n    When the initial request over HTTPS results in an error, Firefox starts loading an internal page that describes the error. HTTPZ does not wait for Firefox to finish loading those error pages, it immediately retries the request over HTTP, which causes them to load partially, and it does not look good. This is only a cosmetic issue, and a negligible one at that.\n    Unlike HTTPS Everywhere, this extension does not take care of sub-requests triggered from HTTP-only sites. For now, it outright ignores those requests, because using the same approach with those (retrying on error) is very complicated and has significant drawbacks.\n\n\nInterested in more recommendations? Head over to the ghacks-user.js GitHub repository. It is an amazing project for hardening Firefox that I have contributed to, and a great source of information (including extension recommendations).\n\n\nAcknowledgments\nHTTPZ would not be what it is if not for its testers' feedback on GitHub.","weeklyDownloads":0,"type":"extension","creator":{"name":"claustromaniac","url":"https://addons.mozilla.org/en-US/firefox/user/13341776/"},"developers":[],"screenshots":[{"url":"https://addons.cdn.mozilla.net/user-media/previews/full/229/229045.png?modified=1575487688","width":886,"height":544,"thumbnailURL":"https://addons.cdn.mozilla.net/user-media/previews/thumbs/229/229045.png?modified=1575487688","thumbnailWidth":640,"thumbnailHeight":393,"caption":"Optional warning page displayed when an attempt to upgrade to HTTPS results in an error. (v0.11.0)"},{"url":"https://addons.cdn.mozilla.net/user-media/previews/full/229/229046.png?modified=1575487687","width":621,"height":302,"thumbnailURL":"https://addons.cdn.mozilla.net/user-media/previews/thumbs/229/229046.png?modified=1575487687","thumbnailWidth":621,"thumbnailHeight":302,"caption":"Advanced options (v0.11.0)"},{"url":"https://addons.cdn.mozilla.net/user-media/previews/full/229/229047.png?modified=1575487687","width":622,"height":319,"thumbnailURL":"https://addons.cdn.mozilla.net/user-media/previews/thumbs/229/229047.png?modified=1575487687","thumbnailWidth":622,"thumbnailHeight":319,"caption":"General options (v0.11.0)"},{"url":"https://addons.cdn.mozilla.net/user-media/previews/full/229/229048.png?modified=1575487687","width":401,"height":281,"thumbnailURL":"https://addons.cdn.mozilla.net/user-media/previews/thumbs/229/229048.png?modified=1575487687","thumbnailWidth":401,"thumbnailHeight":281,"caption":"Page action with pop-up from a Private Browsing window (v0.11.0)"},{"url":"https://addons.cdn.mozilla.net/user-media/previews/full/229/229049.png?modified=1575487687","width":628,"height":357,"thumbnailURL":"https://addons.cdn.mozilla.net/user-media/previews/thumbs/229/229049.png?modified=1575487687","thumbnailWidth":628,"thumbnailHeight":357,"caption":"Optional page displayed when a server-initiated redirection is intercepted (v0.11.0)"}],"contributionURL":"","averageRating":4.9474,"reviewCount":14,"reviewURL":"https://addons.mozilla.org/en-US/firefox/addon/httpz/reviews/","updateDate":1576063225000},{"id":"CookieAutoDelete@kennydo.com","icons":{"32":"https://addons.cdn.mozilla.net/user-media/addon_icons/784/784287-32.png?modified=mcrushed","64":"https://addons.cdn.mozilla.net/user-media/addon_icons/784/784287-64.png?modified=mcrushed","128":"https://addons.cdn.mozilla.net/user-media/addon_icons/784/784287-128.png?modified=mcrushed"},"name":"Cookie AutoDelete","version":"3.5.1","sourceURI":"https://addons.mozilla.org/firefox/downloads/file/3630305/cookie_autodelete-3.5.1-an+fx.xpi","homepageURL":"https://github.com/Cookie-AutoDelete/Cookie-AutoDelete","supportURL":"https://github.com/Cookie-AutoDelete/Cookie-AutoDelete/issues","description":"Control your cookies! This WebExtension is inspired by Self Destructing Cookies. When a tab closes, any cookies not being used are automatically deleted. Whitelist the ones you trust while deleting the rest. Support for Container Tabs.","fullDescription":"Please don't use reviews for bugs, support request, or feature requests. Use GitHub instead.\n\nBefore opening a GitHub Issue, please check the troubleshooting FAQ first. Note that support may not be available for variants of Mozilla Firefox and Google Chrome.\n\nPermission Request Explanations\n- Access your data for all websites: CAD requests this to delete cookies and other site data for all sites\n- Clear recent browsing history, cookies and related data: Ability to delete site data by domains.\n- Display notifications to you: Self explanatory.\n- Read and modify privacy settings: This setting has been removed since 3.4.0 and is kept here for historical reasons. Automatic detection of First Party Isolation support. Although the Privacy permission gives CAD \"read and modify\" permissions, NO MODIFICATIONS are done to your privacy settings, CAD only reads the setting of First Party Isolation. The privacy permission unfortunately cannot be given granular control, so this will stay for now.\n- Access browser tabs: CAD uses this permission to display the site hostname in the popup for easy whitelisting/greylisting, displaying the amount of cookies for that site, and which rules apply to that site.\n\nTake the permission wording with a grain of salt.\n\nMain Features\n- Auto Deletes Cookies from Closed (and/or discarded) Tabs\n- WhiteList/GreyList Support for domains\n- Easily Export/Import your Whitelist/Greylist and core settings\n- Clear All Cookies and site data for a Domain\n- Supports Manual Mode Cleaning from the popup\n- Easily See the Number of Cookies for a site\n- Support for Container Tabs (Firefox 53+ Only)\n\nUsage\nThis extension does not clean cookies automatically until you enable \"Auto-clean\". This gives you the chance to add sites to the WhiteList.\n\n1. Add the sites you want to keep cookies in the WhiteList (permanently) or GreyList (until Browser restart)\n2. Toggle \"Auto-clean\" in the popup or \"Automatic cleaning\" in the settings\n3. Watch those unused cookies disappear :)\n\nYou must enable cookies in the browser as this extension will replace the internal cookie manager.\n\nYou can disable Cleanup Notifications via the Settings.\n\nPopup Menu Features\nClean: This is basically a quick way of activating the Cookie Cleanup on demand. This looks at all your cookies and deletes them if they are not in any Open Tabs or the WhiteList.\nClean, include open tabs: Same thing as Cookie Cleanup except that it only deletes cookies only if they are not in the WhiteList. Open tabs are not taken into consideration.\nClear All Cookies for This Domain: Easy way to delete all cookies for one particular domain that you are on.\n\nSome things to Note:\n- This extension can clear localstorage as of version 2.1.0 and Firefox 58+. Enable it in the settings.\n\n- Even though third party cookies are cleared with this extension, it is better to disable third party cookies from the settings\n\nDocumentation\n\nTroubleshooting\n\nIf you have any other problem, file an issue on GitHub. Maybe we can work it out. Note that support may not be available for variants of Mozilla Firefox and Google Chrome.\n\nBTC: 16km6pFV33S6kaeb8rCaDLZXUyo3uyVnsk","weeklyDownloads":33,"type":"extension","creator":{"name":"CAD Team","url":"https://addons.mozilla.org/en-US/firefox/user/12748480/"},"developers":[],"screenshots":[{"url":"https://addons.cdn.mozilla.net/user-media/previews/full/189/189656.png?modified=1543520768","width":700,"height":438,"thumbnailURL":"https://addons.cdn.mozilla.net/user-media/previews/thumbs/189/189656.png?modified=1543520768","thumbnailWidth":640,"thumbnailHeight":400,"caption":"Popup"},{"url":"https://addons.cdn.mozilla.net/user-media/previews/full/185/185648.png?modified=1543520768","width":413,"height":135,"thumbnailURL":"https://addons.cdn.mozilla.net/user-media/previews/thumbs/185/185648.png?modified=1543520768","thumbnailWidth":413,"thumbnailHeight":135,"caption":"Notifications"},{"url":"https://addons.cdn.mozilla.net/user-media/previews/full/189/189657.png?modified=1543520769","width":700,"height":438,"thumbnailURL":"https://addons.cdn.mozilla.net/user-media/previews/thumbs/189/189657.png?modified=1543520769","thumbnailWidth":640,"thumbnailHeight":400,"caption":"Settings"},{"url":"https://addons.cdn.mozilla.net/user-media/previews/full/189/189658.png?modified=1543520769","width":700,"height":438,"thumbnailURL":"https://addons.cdn.mozilla.net/user-media/previews/thumbs/189/189658.png?modified=1543520769","thumbnailWidth":640,"thumbnailHeight":400,"caption":"Expression Table"}],"contributionURL":"https://www.paypal.me/mrkennyd/5?utm_content=product-page-contribute&utm_medium=referral&utm_source=addons.mozilla.org","averageRating":4.6202,"reviewCount":532,"reviewURL":"https://addons.mozilla.org/en-US/firefox/addon/cookie-autodelete/reviews/","updateDate":1598254129000},{"id":"{7fc8ef53-24ec-4205-87a4-1e745953bb0d}","icons":{"32":"https://addons.cdn.mozilla.net/user-media/addon_icons/931/931864-32.png?modified=cd504acd","64":"https://addons.cdn.mozilla.net/user-media/addon_icons/931/931864-64.png?modified=cd504acd","128":"https://addons.cdn.mozilla.net/user-media/addon_icons/931/931864-128.png?modified=cd504acd"},"name":"CSS Exfil Protection","version":"1.1.0","sourceURI":"https://addons.mozilla.org/firefox/downloads/file/3631278/css_exfil_protection-1.1.0-an+fx.xpi","homepageURL":"https://www.mike-gualtieri.com/css-exfil-vulnerability-tester","supportURL":"https://www.mike-gualtieri.com/css-exfil-vulnerability-tester","description":"Guard your browser against CSS Exfil attacks!\n\nCSS Exfil is a method attackers can use to steal data from web pages using Cascading Style Sheets (CSS). This plugin sanitizes and blocks any CSS rules which may be designed to steal data.","fullDescription":null,"weeklyDownloads":1,"type":"extension","creator":{"name":"Mike Gualtieri","url":"https://addons.mozilla.org/en-US/firefox/user/8776114/"},"developers":[],"screenshots":[{"url":"https://addons.cdn.mozilla.net/user-media/previews/full/211/211349.png?modified=1543521070","width":2400,"height":1157,"thumbnailURL":"https://addons.cdn.mozilla.net/user-media/previews/thumbs/211/211349.png?modified=1543521070","thumbnailWidth":640,"thumbnailHeight":309}],"contributionURL":"","averageRating":4.7317,"reviewCount":13,"reviewURL":"https://addons.mozilla.org/en-US/firefox/addon/css-exfil-protection/reviews/","updateDate":1598307314000},{"id":"poop@cm.org","icons":{"32":"https://addons.cdn.mozilla.net/user-media/addon_icons/1012/1012731-32.png?modified=e97aa3af","64":"https://addons.cdn.mozilla.net/user-media/addon_icons/1012/1012731-64.png?modified=e97aa3af","128":"https://addons.cdn.mozilla.net/user-media/addon_icons/1012/1012731-128.png?modified=e97aa3af"},"name":"Privacy-Oriented Origin Policy","version":"1.4.2","sourceURI":"https://addons.mozilla.org/firefox/downloads/file/1396562/privacy_oriented_origin_policy-1.4.2-an+fx.xpi","homepageURL":"https://claustromaniac.github.io/poop/","supportURL":"https://github.com/claustromaniac/poop/issues","description":"Prevent Firefox from sending Origin headers when they are least likely to be necessary, to protect your privacy.","fullDescription":"Please, see the home page for more information. Don't worry, there are no trackers, ads, miners, or analytics in there. It's just a static page.","weeklyDownloads":1,"type":"extension","creator":{"name":"claustromaniac","url":"https://addons.mozilla.org/en-US/firefox/user/13341776/"},"developers":[],"screenshots":[],"contributionURL":"","averageRating":4.8462,"reviewCount":6,"reviewURL":"https://addons.mozilla.org/en-US/firefox/addon/privacy-oriented-origin-policy/reviews/","updateDate":1548358808000},{"id":"{74145f27-f039-47ce-a470-a662b129930a}","icons":{"32":"https://addons.cdn.mozilla.net/user-media/addon_icons/839/839767-32.png?modified=b06fa7ed","64":"https://addons.cdn.mozilla.net/user-media/addon_icons/839/839767-64.png?modified=b06fa7ed","128":"https://addons.cdn.mozilla.net/user-media/addon_icons/839/839767-128.png?modified=b06fa7ed"},"name":"ClearURLs","version":"1.19.0","sourceURI":"https://addons.mozilla.org/firefox/downloads/file/3612592/clearurls-1.19.0-an+fx.xpi","homepageURL":"https://clearurls.xyz/","supportURL":"http://wiki.clearurls.xyz","description":"Removes tracking elements from URLs","fullDescription":"This extension will automatically remove tracking elements from URLs to help protect your privacy when browse through the Internet.\n\nMany websites use tracking elements in the URL (e.g. https://example.com?utm_source=newsletter1&utm_medium=email&utm_campaign=sale) to mark your online activity. All that tracking code is not necessary for a website to be displayed or work correctly and can therefore be removed—that is exactly what ClearURLs does.\n\nAnother common example are Amazon URLs. If you search for a product on Amazon you will see a very long URL, such as: https://www.amazon.com/dp/exampleProduct/ref=sxin_0_pb?__mk_de_DE=ÅMÅŽÕÑ&keywords=tea&pd_rd_i=exampleProduct&pd_rd_r=8d39e4cd-1e4f-43db-b6e7-72e969a84aa5&pd_rd_w=1pcKM&pd_rd_wg=hYrNl&pf_rd_p=50bbfd25-5ef7-41a2-68d6-74d854b30e30&pf_rd_r=0GMWD0YYKA7XFGX55ADP&qid=1517757263&rnid=2914120011\n\nIndeed most of the above URL is tracking code. Once ClearURLs has cleaned the address, it will look like this:\nhttps://www.amazon.com/dp/exampleProduct\n\nWhy use this extension as opposed to similar ones?\nMost other “link cleaners” employ about a dozen rules when looking for tracking parameters to remove. ClearURLs utilizes over 250 rules, so its capabilities are more comprehensive.\nAnd ClearURLs is open source, so everyone can join in to the project and/or can check the source code to error or malicious code.\n\nAll functions in a nutshell\n\n    Removes tracking from URLs automatically in the background\n    Blocks some common ad domains (optional)\n    Has a built-in tool to clean up multiple URLs at once\n    Supports redirection to the destination, without tracking services as middleman\n    Adds an entry to the context menu so that links can be copied quickly and cleanly\n    Blocks hyperlink auditing, also known as ping tracking\n    Prevents ETag tracking\n    Prevents tracking injection over history API\n    Prevents Google from rewriting the search results (to include tracking elements)\n    Prevents Yandex from rewriting the search results (to include tracking elements)\n\n\nWhat do we collect?\nThis extension protects and respects your privacy. We do not—and will never—collect any of your usage data.\n\nWhat do I do if I have trouble?\nVisit our GitLab page or check out our wiki.\n\nWrite us...\nIf have any suggestions or complaints, please contact us on GitLab.\n\nPermissions\nReasoning for needed permissions can be found under here.\n\nContributors\n\n    Kevin Röbert (creator/developer)\n    Yi-Ping Huang (translator)\n    rayman89 (translator)\n    Ramon Santilli (translator)\n    Lucifer (translator)\n    Shitennouji (translator)\n    perdolka (contributor)\n    Nameless (contributor)\n    a-polivanchuk (translator)\n    hydrargyrum (translator)\n    alekksander (translator)\n    Zoltan Toldy (translator)\n    tartpvule (contributor)\n    Giovanni (translator)\n    U. Çakmak (translator)\n    Sopor (translator)\n    elfriob (translator)\n    Nicolas (translator - website)\n    Teodor Atroshenko (contributor)\n\n\nA recommended extension...\nClearURLs is also a recommended extension in the ghacks-user.js project (https://github.com/ghacksuserjs/ghacks-user.js/wiki/4.1-Extensions) and on the Awesome Humane Tech List (https://github.com/humanetech-community/awesome-humane-tech#tracking).\n\nChangelog can be found here\n\nSupported languages\nEnglish, Chinese (Mandarin), Chinese (Taiwan), German, French, Japanese, Portuguese, Russian, Spanish, Ukrainian, Italian, Turkish, Swedish","weeklyDownloads":2,"type":"extension","creator":{"name":"Kevin R.","url":"https://addons.mozilla.org/en-US/firefox/user/13196993/"},"developers":[],"screenshots":[{"url":"https://addons.cdn.mozilla.net/user-media/previews/full/187/187624.png?modified=1580588646","width":700,"height":394,"thumbnailURL":"https://addons.cdn.mozilla.net/user-media/previews/thumbs/187/187624.png?modified=1580588646","thumbnailWidth":640,"thumbnailHeight":360},{"url":"https://addons.cdn.mozilla.net/user-media/previews/full/231/231733.png?modified=1580588646","width":198,"height":599,"thumbnailURL":"https://addons.cdn.mozilla.net/user-media/previews/thumbs/231/231733.png?modified=1580588646","thumbnailWidth":159,"thumbnailHeight":480,"caption":"Popup interface"},{"url":"https://addons.cdn.mozilla.net/user-media/previews/full/231/231732.png?modified=1580588646","width":1195,"height":1272,"thumbnailURL":"https://addons.cdn.mozilla.net/user-media/previews/thumbs/231/231732.png?modified=1580588646","thumbnailWidth":451,"thumbnailHeight":480,"caption":"Settings"},{"url":"https://addons.cdn.mozilla.net/user-media/previews/full/231/231754.png?modified=1580588652","width":1079,"height":862,"thumbnailURL":"https://addons.cdn.mozilla.net/user-media/previews/thumbs/231/231754.png?modified=1580588652","thumbnailWidth":601,"thumbnailHeight":480,"caption":"How ClearURLs has cleans up the dirty Amazon link with the built-in tool to clean up multiple URLs at once"},{"url":"https://addons.cdn.mozilla.net/user-media/previews/full/231/231730.png?modified=1580588646","width":1269,"height":1800,"thumbnailURL":"https://addons.cdn.mozilla.net/user-media/previews/thumbs/231/231730.png?modified=1580588646","thumbnailWidth":338,"thumbnailHeight":480,"caption":"Over 70k downloads"}],"contributionURL":"https://paypal.me/KevinRoebert?utm_content=product-page-contribute&utm_medium=referral&utm_source=addons.mozilla.org","averageRating":4.5758,"reviewCount":84,"reviewURL":"https://addons.mozilla.org/en-US/firefox/addon/clearurls/reviews/","updateDate":1595849680000},{"id":"{b86e4813-687a-43e6-ab65-0bde4ab75758}","icons":{"32":"https://addons.cdn.mozilla.net/user-media/addon_icons/2627/2627159-32.png?modified=b2f5fc36","64":"https://addons.cdn.mozilla.net/user-media/addon_icons/2627/2627159-64.png?modified=b2f5fc36","128":"https://addons.cdn.mozilla.net/user-media/addon_icons/2627/2627159-128.png?modified=b2f5fc36"},"name":"LocalCDN","version":"2.5.0","sourceURI":"https://addons.mozilla.org/firefox/downloads/file/3649507/localcdn-2.5.0-an+fx.xpi","homepageURL":"https://www.localcdn.org","supportURL":"https://codeberg.org/nobody/LocalCDN","description":"Emulates remote frameworks (e.g. jQuery, Bootstrap, AngularJS) and delivers them as local resource. Prevents unnecessary 3rd party requests to Google, StackPath, MaxCDN and more. Prepared rules for uBlock Origin/uMatrix.","fullDescription":"LocalCDN is a web browser extension that emulates Content Delivery Networks to improve your online privacy. It intercepts traffic, finds supported resources locally, and injects them into the environment. All of this happens automatically, so no prior configuration is required.\n\nDifferences between LocalCDN and Decentraleyes\nLocalCDN contains a big collection of frameworks and useful functions.\n\n    New: Sync extension settings with Firefox Sync or own server\n    Includes Rocket Loader, Findify, Vue.js, page.js, lozad, AngularJS, Bootstrap, Google Material Icons, React, Vue, Chart.js and much more. The list will be continuously updated.\n    Includes Font Awesome in different version (v3.2.1, v4.7.0, v5.14.0)\n    Prepared rules for uBlock Origin/uMatrix/AdGuard and notifications if rule changes are necessary\n    Removes integrity/crossorigin attributes to replace more frameworks\n\nAdds protection from\n\n    Font Awesome (3.x, 4.x, 5.x)\n    jQuery up to 3.5.1\n    Bootstrap CSS (Delivered by StackPath, NetDNA and MaxCDN)\n    Bootstrap JavaScript (Delivered by StackPath, NetDNA and MaxCDN)\n    AngularJS, AngularJS-Animate, AngularJS-Sanitize, AngularJS-Cookies and AngularJS-Touch\n    ...and more (100 different frameworks in various versions in total!)\n\nSource code\nhttps://codeberg.org/nobody/LocalCDN\n\nWould you like to see other CDN or versions (e.g. jQuery or Bootstrap) integrated? Feel free to open an issue or pull request.\n\nDonations are possible. The possibilities for donations can be displayed in the extension. (Reduces traffic and prevents your IP from being listed in the server logs. Therefore a small offline help page is also integrated.)\n\nFor clarification: This extension doesn't create an external connection by itself. LocalCDN contains these frameworks/libraries in add-on storage. This is the reason why the size of LocalCDN is 10 MB. There is also a donation page and a short FAQ page inside the extension. There are only external connections in the form of hyperlinks that the user must actively click on. This includes, for example, the test page or the translation platform \"Weblate\". All links are marked.\n\n---\n\nThis add-on is a fork of https://git.synz.io/Synzvato/decentraleyes","weeklyDownloads":0,"type":"extension","creator":{"name":"nobody","url":"https://addons.mozilla.org/en-US/firefox/user/15698979/"},"developers":[],"screenshots":[{"url":"https://addons.cdn.mozilla.net/user-media/previews/full/243/243132.png?modified=1601097934","width":350,"height":253,"thumbnailURL":"https://addons.cdn.mozilla.net/user-media/previews/thumbs/243/243132.png?modified=1601097934","thumbnailWidth":350,"thumbnailHeight":253,"caption":"Clean website without 3rd party scripts (LocalCDN enabled)"},{"url":"https://addons.cdn.mozilla.net/user-media/previews/full/243/243133.png?modified=1601097934","width":350,"height":253,"thumbnailURL":"https://addons.cdn.mozilla.net/user-media/previews/thumbs/243/243133.png?modified=1601097934","thumbnailWidth":350,"thumbnailHeight":253,"caption":"Clean website without 3rd party scripts (LocalCDN disabled)"},{"url":"https://addons.cdn.mozilla.net/user-media/previews/full/243/243134.png?modified=1601097934","width":350,"height":432,"thumbnailURL":"https://addons.cdn.mozilla.net/user-media/previews/thumbs/243/243134.png?modified=1601097934","thumbnailWidth":350,"thumbnailHeight":432,"caption":"Successfully intercepted requests"},{"url":"https://addons.cdn.mozilla.net/user-media/previews/full/243/243135.png?modified=1601097934","width":350,"height":572,"thumbnailURL":"https://addons.cdn.mozilla.net/user-media/previews/thumbs/243/243135.png?modified=1601097934","thumbnailWidth":294,"thumbnailHeight":480,"caption":"Successfully intercepted requests"},{"url":"https://addons.cdn.mozilla.net/user-media/previews/full/243/243136.png?modified=1601097934","width":350,"height":253,"thumbnailURL":"https://addons.cdn.mozilla.net/user-media/previews/thumbs/243/243136.png?modified=1601097934","thumbnailWidth":350,"thumbnailHeight":253,"caption":"Dark mode: Clean website without 3rd party scripts (LocalCDN enabled)"},{"url":"https://addons.cdn.mozilla.net/user-media/previews/full/243/243137.png?modified=1601097934","width":350,"height":253,"thumbnailURL":"https://addons.cdn.mozilla.net/user-media/previews/thumbs/243/243137.png?modified=1601097934","thumbnailWidth":350,"thumbnailHeight":253,"caption":"Dark mode: Clean website without 3rd party scripts (LocalCDN disabled)"},{"url":"https://addons.cdn.mozilla.net/user-media/previews/full/243/243138.png?modified=1601097934","width":350,"height":354,"thumbnailURL":"https://addons.cdn.mozilla.net/user-media/previews/thumbs/243/243138.png?modified=1601097934","thumbnailWidth":350,"thumbnailHeight":354,"caption":"Dark mode: Successfully intercepted requests"},{"url":"https://addons.cdn.mozilla.net/user-media/previews/full/243/243139.png?modified=1601097934","width":350,"height":572,"thumbnailURL":"https://addons.cdn.mozilla.net/user-media/previews/thumbs/243/243139.png?modified=1601097934","thumbnailWidth":294,"thumbnailHeight":480,"caption":"Dark mode: Successfully intercepted requests"},{"url":"https://addons.cdn.mozilla.net/user-media/previews/full/244/244847.png?modified=1601097934","width":982,"height":993,"thumbnailURL":"https://addons.cdn.mozilla.net/user-media/previews/thumbs/244/244847.png?modified=1601097934","thumbnailWidth":475,"thumbnailHeight":480,"caption":"For uBlock Origin/uMatrix/AdGuard users: Notifications if rule changes are necessary."},{"url":"https://addons.cdn.mozilla.net/user-media/previews/full/242/242641.png?modified=1601097934","width":2400,"height":777,"thumbnailURL":"https://addons.cdn.mozilla.net/user-media/previews/thumbs/242/242641.png?modified=1601097934","thumbnailWidth":640,"thumbnailHeight":207,"caption":"What is the different of LocalCDN in comparison to other CDN emulators?"},{"url":"https://addons.cdn.mozilla.net/user-media/previews/full/244/244843.png?modified=1601097934","width":767,"height":558,"thumbnailURL":"https://addons.cdn.mozilla.net/user-media/previews/thumbs/244/244843.png?modified=1601097934","thumbnailWidth":640,"thumbnailHeight":466,"caption":"Options page (Basic tab)"},{"url":"https://addons.cdn.mozilla.net/user-media/previews/full/244/244844.png?modified=1601097934","width":768,"height":1062,"thumbnailURL":"https://addons.cdn.mozilla.net/user-media/previews/thumbs/244/244844.png?modified=1601097934","thumbnailWidth":347,"thumbnailHeight":480,"caption":"Options page (Advanced tab)"},{"url":"https://addons.cdn.mozilla.net/user-media/previews/full/245/245092.png?modified=1601097939","width":767,"height":561,"thumbnailURL":"https://addons.cdn.mozilla.net/user-media/previews/thumbs/245/245092.png?modified=1601097939","thumbnailWidth":640,"thumbnailHeight":468,"caption":"Options page (Other tab)"},{"url":"https://addons.cdn.mozilla.net/user-media/previews/full/244/244846.png?modified=1601097934","width":767,"height":794,"thumbnailURL":"https://addons.cdn.mozilla.net/user-media/previews/thumbs/244/244846.png?modified=1601097934","thumbnailWidth":464,"thumbnailHeight":480,"caption":"Options page (Info tab)"}],"contributionURL":"","averageRating":4.7358,"reviewCount":29,"reviewURL":"https://addons.mozilla.org/en-US/firefox/addon/localcdn-fork-of-decentraleyes/reviews/","updateDate":1601097928000},{"id":"skipredirect@sblask","icons":{"32":"https://addons.cdn.mozilla.net/user-media/addon_icons/642/642100-32.png?modified=1597226821","64":"https://addons.cdn.mozilla.net/user-media/addon_icons/642/642100-64.png?modified=1597226821","128":"https://addons.cdn.mozilla.net/user-media/addon_icons/642/642100-128.png?modified=1597226821"},"name":"Skip Redirect","version":"2.3.4","sourceURI":"https://addons.mozilla.org/firefox/downloads/file/3632211/skip_redirect-2.3.4-an+fx.xpi","homepageURL":null,"supportURL":"https://github.com/sblask/webextension-skip-redirect","description":"Some web pages use intermediary pages before redirecting to a final page. This add-on tries to extract the final url from the intermediary url and goes there straight away if successful.","fullDescription":"Skip Redirect\n=====================\nSome web pages use intermediary pages before redirecting to a final page. This webextension tries to extract the final url from the intermediary url and goes there straight away if successful. As an example, try this url:\n\n- www.google.com/chrome/?or-maybe-rather-firefox=http%3A%2F%2Fwww.mozilla.org/\n\nPlease give feedback(see below) if you find websites where this fails or where you get redirected in a weird way when this add-on is enabled but not when it's disabled.\n\nSee the add-on's preferences (also available by clicking the toolbar icon) for options.\n\nBy default all URLs but the ones matching a no-skip-urls-list are checked for embedded URLs and redirects are skipped. Depending on the pages visited, this can cause problems. For example a dysfunctional login. The no-skip-urls-list can be edited to avoid these problems. There is also a skip-urls-list mode to avoid this kind of problem altogether. In skip-urls-list mode, all URLs for which redirects should be skipped need to be added to the skip-urls-list manually.\n\nSome websites use multiple url parameters like this:\n\n`www.example.com/page-we-want-to-skip?first=www.want-to-go-here.com&second=www.do-not-care-about-this-url.com`\n\nSkip Redirect does not know which is the right parameter, but you can edit the no-skip-parameter-list. Adding `first` would skip to the URL of `second` and vice versa. Adding both, `first` and `second` would cause no skipping.\n\nPrivacy Policy\n--------------\n\nThis extension does not collect or send data of any kind to third parties.\n\nFeedback\n--------\n\nYou can report bugs or make feature requests on https://github.com/sblask/webextension-skip-redirect\n\nPatches are welcome.","weeklyDownloads":1,"type":"extension","creator":{"name":"Sebastian Blask","url":"https://addons.mozilla.org/en-US/firefox/user/10503078/"},"developers":[],"screenshots":[{"url":"https://addons.cdn.mozilla.net/user-media/previews/full/162/162862.png?modified=1543520355","width":550,"height":175,"thumbnailURL":"https://addons.cdn.mozilla.net/user-media/previews/thumbs/162/162862.png?modified=1543520355","thumbnailWidth":550,"thumbnailHeight":175,"caption":"The red \"skip\" above the addons' toolbar icon indicates that a skip of a redirect has happened during the last 3 seconds(the delay is configurable in the addons' preferences)."},{"url":"https://addons.cdn.mozilla.net/user-media/previews/full/162/162858.png?modified=1543520355","width":550,"height":175,"thumbnailURL":"https://addons.cdn.mozilla.net/user-media/previews/thumbs/162/162858.png?modified=1543520355","thumbnailWidth":550,"thumbnailHeight":175,"caption":"If you hold the mouse pointer above the toolbar icon, details about the original url(the one that got skipped) and the final url are shown."},{"url":"https://addons.cdn.mozilla.net/user-media/previews/full/162/162864.png?modified=1543520356","width":550,"height":175,"thumbnailURL":"https://addons.cdn.mozilla.net/user-media/previews/thumbs/162/162864.png?modified=1543520356","thumbnailWidth":550,"thumbnailHeight":175,"caption":"Use the toolbar icon to disable(the icon will light grey as in this picture) and enable the skipping."}],"contributionURL":"","averageRating":4.6581,"reviewCount":69,"reviewURL":"https://addons.mozilla.org/en-US/firefox/addon/skip-redirect/reviews/","updateDate":1598432713000}]}