{"version":2,"prefs":{"network.networkPredictionEnabled":{"initialValue":{"network.predictor.enabled":false,"network.prefetch-next":false,"network.http.speculative-parallel-limit":0,"network.dns.disablePrefetch":true},"precedenceList":[{"id":"{b86e4813-687a-43e6-ab65-0bde4ab75758}","installDate":1601549205000,"value":false,"enabled":true},{"id":"uBlock0@raymondhill.net","installDate":1601549067000,"value":false,"enabled":true},{"id":"uMatrix@raymondhill.net","installDate":1601549048000,"value":false,"enabled":true}]},"websites.hyperlinkAuditingEnabled":{"initialValue":{},"precedenceList":[{"id":"uBlock0@raymondhill.net","installDate":1601549067000,"value":false,"enabled":true}]},"privacy.containers":{"initialValue":{"privacy.userContext.enabled":true,"privacy.userContext.ui.enabled":true},"precedenceList":[{"id":"CookieAutoDelete@kennydo.com","installDate":1601549121000,"value":"CookieAutoDelete@kennydo.com","enabled":true},{"id":"CanvasBlocker@kkapsner.de","installDate":1601549086000,"value":"CanvasBlocker@kkapsner.de","enabled":true}]},"network.webRTCIPHandlingPolicy":{"initialValue":{"media.peerconnection.ice.default_address_only":true,"media.peerconnection.ice.no_host":true,"media.peerconnection.ice.proxy_only_if_behind_proxy":true},"precedenceList":[{"id":"uBlock0@raymondhill.net","installDate":1601549067000,"value":"disable_non_proxied_udp","enabled":true}]}},"url_overrides":{},"default_search":{},"homepageNotification":{},"tabHideNotification":{},"newTabNotification":{},"commands":{}}