{"default-theme@mozilla.org":{"permissions":["internal:privateBrowsingAllowed"],"origins":[]},"google@search.mozilla.org":{"permissions":["internal:privateBrowsingAllowed"],"origins":[]},"amazondotcom@search.mozilla.org":{"permissions":["internal:privateBrowsingAllowed"],"origins":[]},"wikipedia@search.mozilla.org":{"permissions":["internal:privateBrowsingAllowed"],"origins":[]},"bing@search.mozilla.org":{"permissions":["internal:privateBrowsingAllowed"],"origins":[]},"ddg@search.mozilla.org":{"permissions":["internal:privateBrowsingAllowed"],"origins":[]},"uMatrix@raymondhill.net":{"permissions":["internal:privateBrowsingAllowed"],"origins":[]},"uBlock0@raymondhill.net":{"permissions":["internal:privateBrowsingAllowed"],"origins":[]},"CanvasBlocker@kkapsner.de":{"permissions":["internal:privateBrowsingAllowed"],"origins":[]},"httpz@cm.org":{"permissions":["internal:privateBrowsingAllowed"],"origins":[]},"CookieAutoDelete@kennydo.com":{"permissions":["internal:privateBrowsingAllowed"],"origins":[]},"{7fc8ef53-24ec-4205-87a4-1e745953bb0d}":{"permissions":["internal:privateBrowsingAllowed"],"origins":[]},"poop@cm.org":{"permissions":["internal:privateBrowsingAllowed"],"origins":[]},"{74145f27-f039-47ce-a470-a662b129930a}":{"permissions":["internal:privateBrowsingAllowed"],"origins":[]},"{b86e4813-687a-43e6-ab65-0bde4ab75758}":{"permissions":["internal:privateBrowsingAllowed"],"origins":[]},"skipredirect@sblask":{"permissions":["internal:privateBrowsingAllowed"],"origins":[]},"formautofill@mozilla.org":{"permissions":["internal:privateBrowsingAllowed"],"origins":[]},"screenshots@mozilla.org":{"permissions":["internal:privateBrowsingAllowed"],"origins":[]},"webcompat@mozilla.org":{"permissions":["internal:privateBrowsingAllowed"],"origins":[]},"doh-rollout@mozilla.org":{"permissions":["internal:privateBrowsingAllowed"],"origins":[]},"chambers-en-GB@search.mozilla.org":{"permissions":["internal:privateBrowsingAllowed"],"origins":[]},"amazon@search.mozilla.org":{"permissions":["internal:privateBrowsingAllowed"],"origins":[]},"ebay@search.mozilla.org":{"permissions":["internal:privateBrowsingAllowed"],"origins":[]}}