{"chrome://browser/content/browser.xhtml":{"main-window":{"screenX":"0","screenY":"30","width":"1012","height":"827","sizemode":"maximized"},"toolbar-menubar":{"autohide":"false"},"PersonalToolbar":{"collapsed":"false"},"sidebar-box":{"sidebarcommand":"viewBookmarksSidebar","checked":"true","width":"194"},"sidebar-title":{"value":"Bookmarks"}},"chrome://browser/content/places/bookmarksSidebar.xhtml":{"place:parent=menu________":{"open":"true"},"place:parent=yQ4Dx247XmdK":{"open":"true"}},"chrome://browser/content/places/places.xhtml":{"placesContentTags":{"ordinal":"3"},"placesContentUrl":{"ordinal":"5"},"placesContentDate":{"ordinal":"7"},"placesContentVisitCount":{"ordinal":"9"},"placesContentDateAdded":{"ordinal":"11"},"placesContentLastModified":{"ordinal":"13"},"places":{"screenX":"0","screenY":"30","width":"700","height":"500","sizemode":"normal"}},"chrome://browser/content/places/bookmarkProperties.xhtml":{"bookmarkproperties":{"screenX":"420","screenY":"363","width":"440"}},"chrome://mozapps/content/downloads/unknownContentType.xhtml":{"unknownContentTypeWindow":{"screenX":"390","screenY":"228"}}}